[
{
  "_key" : "mortar-ipm",
  "set" : "mortar",
  "ipm" : {
    "ID_key": "PC2       G  mortar      0    0       1       25      0",
    "pa_PE": 1,
    "PV": 1,
    "PSOL": 0,
    "PAalp": "+",
    "PSigm": "+",
    "Lads": 0,
    "FIa": 0,
    "FIat": 0,
    "pa_DB": 1e-17,
    "pa_DHB": 1e-13,
    "pa_EPS": 1e-10,
    "pa_DK": 1e-06,
    "pa_DS": 1e-20,
    "pa_DF": 0.01,
    "pa_DFM": 0.01,
    "pa_DP": 130,
    "pa_IIM": 9999,
    "pa_PD": 2,
    "pa_PRD": -4,
    "pa_AG": 1,
    "pa_DGC": 0.01,
    "pa_PSM": 1,
    "pa_GAR": 1,
    "pa_GAH": 1000,
    "pa_XwMin": 1e-13,
    "pa_ScMin": 1e-13,
    "pa_DcMin": 1e-33,
    "pa_PhMin": 1e-20,
    "pa_ICmin": 1e-05,
    "pa_PC": 2,
    "pa_DFYw": 1e-05,
    "pa_DFYaq": 1e-05,
    "pa_DFYid": 1e-05,
    "pa_DFYr": 1e-05,
    "pa_DFYh": 1e-05,
    "pa_DFYc": 1e-05,
    "pa_DFYs": 1e-06,
    "pa_DW": 1,
    "pa_DT": 0,
    "pa_GAS": 0.001,
    "pa_DG": 1000,
    "pa_DNS": 12.05,
    "pa_IEPS": 0.001,
    "pKin": 1,
    "pa_DKIN": 1e-10,
    "pa_PLLG": 30000,
    "tMin": 0,
    "sMod": [
        "HNNSNNNN", "INNINNNN", "INNINNNN", "INNINNNN", "INNINNNN", "GNNSNNNN", "GNNSNNNN", "INNINNNN", "INNINNNN"
    ],
    "LsMod": [
        2, 0, 4, 
        0, 0, 0, 
        0, 0, 0, 
        0, 0, 0, 
        0, 0, 0, 
        1, 0, 3, 
        1, 0, 3, 
        0, 0, 0, 
        0, 0, 0
    ],
    "PMc": [
        0.123068898916245, 3.67000007629395, 1, 1, 4, 0, 0, 0, 0.187999993562698, 2.49000000953674, 
        0, 1.66999995708466, 0.945999979972839, 0
    ],
    "LsMdc": [
        0, 0, 0, 
        0, 0, 0, 
        0, 0, 0, 
        0, 0, 0, 
        0, 0, 0, 
        0, 0, 0, 
        0, 0, 0, 
        0, 0, 0, 
        0, 0, 0
    ],
    "LsMdc2": [
        0, 0, 0, 
        0, 0, 0, 
        0, 0, 0, 
        0, 0, 0, 
        0, 0, 0, 
        0, 0, 0, 
        0, 0, 0, 
        0, 0, 0, 
        0, 0, 0
    ],
    "LsPhl": [
        0, 0, 
        0, 0, 
        0, 0, 
        0, 0, 
        0, 0, 
        0, 0, 
        0, 0, 
        0, 0, 
        0, 0, 
        0, 0, 
        0, 0, 
        0, 0, 
        0, 0, 
        0, 0, 
        0, 0, 
        0, 0, 
        0, 0, 
        0, 0, 
        0, 0, 
        0, 0, 
        0, 0, 
        0, 0, 
        0, 0, 
        0, 0, 
        0, 0, 
        0, 0, 
        0, 0, 
        0, 0, 
        0, 0, 
        0, 0, 
        0, 0, 
        0, 0, 
        0, 0, 
        0, 0, 
        0, 0, 
        0, 0, 
        0, 0, 
        0, 0, 
        0, 0, 
        0, 0, 
        0, 0, 
        0, 0, 
        0, 0, 
        0, 0, 
        0, 0, 
        0, 0, 
        0, 0, 
        0, 0, 
        0, 0, 
        0, 0, 
        0, 0, 
        0, 0, 
        0, 0, 
        0, 0, 
        0, 0, 
        0, 0, 
        0, 0, 
        0, 0, 
        0, 0, 
        0, 0, 
        0, 0, 
        0, 0, 
        0, 0, 
        0, 0, 
        0, 0, 
        0, 0, 
        0, 0, 
        0, 0, 
        0, 0, 
        0, 0, 
        0, 0, 
        0, 0, 
        0, 0, 
        0, 0, 
        0, 0, 
        0, 0, 
        0, 0, 
        0, 0, 
        0, 0, 
        0, 0, 
        0, 0
    ],
    "SorMc": [
        0, 0, 0, 0, 0, 0, 0, 0, 0, 0, 0, 0, 0, 0, 0, 0, 
        0, 0, 0, 0, 0, 0, 0, 0, 0, 0, 0, 0, 0, 0, 0, 0, 
        0, 0, 0, 0, 0, 0, 0, 0, 0, 0, 0, 0, 0, 0, 0, 0, 
        0, 0, 0, 0, 0, 0, 0, 0, 0, 0, 0, 0, 0, 0, 0, 0, 
        0, 0, 0, 0, 0, 0, 0, 0, 0, 0, 0, 0, 0, 0, 0, 0, 
        0, 0, 0, 0, 0, 0, 0, 0, 0, 0, 0, 0, 0, 0, 0, 0, 
        0, 0, 0, 0, 0, 0, 0, 0, 0, 0, 0, 0, 0, 0, 0, 0, 
        0, 0, 0, 0, 0, 0, 0, 0, 0, 0, 0, 0, 0, 0, 0, 0, 
        0, 0, 0, 0, 0, 0, 0, 0, 0, 0, 0, 0, 0, 0, 0, 0
    ],
    "LsISmo": [
        0, 0, 0, 0, 
        0, 0, 0, 0, 
        0, 0, 0, 0, 
        0, 0, 0, 0, 
        0, 0, 0, 0, 
        0, 0, 0, 0, 
        0, 0, 0, 0, 
        0, 0, 0, 0, 
        0, 0, 0, 0
    ],
    "LsESmo": [
        0, 0, 0, 0, 
        0, 0, 0, 0, 
        0, 0, 0, 0, 
        0, 0, 0, 0, 
        0, 0, 0, 0, 
        0, 0, 0, 0, 
        0, 0, 0, 0, 
        0, 0, 0, 0, 
        0, 0, 0, 0
    ],
    "kMod": [
        "NNNNNN", "NNNNNN", "NNNNNN", "NNNNNN", "NNNNNN", "NNNNNN", "NNNNNN", "NNNNNN", "NNNNNN", "NNNNNN", 
        "NNNNNN", "NNNNNN", "NNNNNN", "NNNNNN", "NNNNNN", "NNNNNN", "NNNNNN", "NNNNNN", "NNNNNN", "NNNNNN", 
        "NNNNNN", "NNNNNN", "NNNNNN", "NNNNNN", "NNNNNN", "NNNNNN", "NNNNNN", "NNNNNN", "NNNNNN", "NNNNNN", 
        "NNNNNN", "NNNNNN", "NNNNNN", "NNNNNN", "NNNNNN", "NNNNNN", "NNNNNN", "NNNNNN", "NNNNNN", "NNNNNN", 
        "NNNNNN", "NNNNNN", "NNNNNN", "NNNNNN", "NNNNNN", "NNNNNN", "NNNNNN", "NNNNNN", "NNNNNN", "NNNNNN", 
        "NNNNNN", "NNNNNN", "NNNNNN", "NNNNNN", "NNNNNN", "NNNNNN", "NNNNNN", "NNNNNN", "NNNNNN", "NNNNNN", 
        "NNNNNN", "NNNNNN", "NNNNNN", "NNNNNN", "NNNNNN", "NNNNNN", "NNNNNN", "NNNNNN", "NNNNNN", "NNNNNN", 
        "NNNNNN", "NNNNNN", "NNNNNN", "NNNNNN", "NNNNNN", "NNNNNN", "NNNNNN", "NNNNNN", "NNNNNN", "NNNNNN", 
        "NNNNNN"
    ],
    "LsKin": [
        0, 0, 0, 0, 0, 0, 
        0, 0, 0, 0, 0, 0, 
        0, 0, 0, 0, 0, 0, 
        0, 0, 0, 0, 0, 0, 
        0, 0, 0, 0, 0, 0, 
        0, 0, 0, 0, 0, 0, 
        0, 0, 0, 0, 0, 0, 
        0, 0, 0, 0, 0, 0, 
        0, 0, 0, 0, 0, 0, 
        0, 0, 0, 0, 0, 0, 
        0, 0, 0, 0, 0, 0, 
        0, 0, 0, 0, 0, 0, 
        0, 0, 0, 0, 0, 0, 
        0, 0, 0, 0, 0, 0, 
        0, 0, 0, 0, 0, 0, 
        0, 0, 0, 0, 0, 0, 
        0, 0, 0, 0, 0, 0, 
        0, 0, 0, 0, 0, 0, 
        0, 0, 0, 0, 0, 0, 
        0, 0, 0, 0, 0, 0, 
        0, 0, 0, 0, 0, 0, 
        0, 0, 0, 0, 0, 0, 
        0, 0, 0, 0, 0, 0, 
        0, 0, 0, 0, 0, 0, 
        0, 0, 0, 0, 0, 0, 
        0, 0, 0, 0, 0, 0, 
        0, 0, 0, 0, 0, 0, 
        0, 0, 0, 0, 0, 0, 
        0, 0, 0, 0, 0, 0, 
        0, 0, 0, 0, 0, 0, 
        0, 0, 0, 0, 0, 0, 
        0, 0, 0, 0, 0, 0, 
        0, 0, 0, 0, 0, 0, 
        0, 0, 0, 0, 0, 0, 
        0, 0, 0, 0, 0, 0, 
        0, 0, 0, 0, 0, 0, 
        0, 0, 0, 0, 0, 0, 
        0, 0, 0, 0, 0, 0, 
        0, 0, 0, 0, 0, 0, 
        0, 0, 0, 0, 0, 0, 
        0, 0, 0, 0, 0, 0, 
        0, 0, 0, 0, 0, 0, 
        0, 0, 0, 0, 0, 0, 
        0, 0, 0, 0, 0, 0, 
        0, 0, 0, 0, 0, 0, 
        0, 0, 0, 0, 0, 0, 
        0, 0, 0, 0, 0, 0, 
        0, 0, 0, 0, 0, 0, 
        0, 0, 0, 0, 0, 0, 
        0, 0, 0, 0, 0, 0, 
        0, 0, 0, 0, 0, 0, 
        0, 0, 0, 0, 0, 0, 
        0, 0, 0, 0, 0, 0, 
        0, 0, 0, 0, 0, 0, 
        0, 0, 0, 0, 0, 0, 
        0, 0, 0, 0, 0, 0, 
        0, 0, 0, 0, 0, 0, 
        0, 0, 0, 0, 0, 0, 
        0, 0, 0, 0, 0, 0, 
        0, 0, 0, 0, 0, 0, 
        0, 0, 0, 0, 0, 0, 
        0, 0, 0, 0, 0, 0, 
        0, 0, 0, 0, 0, 0, 
        0, 0, 0, 0, 0, 0, 
        0, 0, 0, 0, 0, 0, 
        0, 0, 0, 0, 0, 0, 
        0, 0, 0, 0, 0, 0, 
        0, 0, 0, 0, 0, 0, 
        0, 0, 0, 0, 0, 0, 
        0, 0, 0, 0, 0, 0, 
        0, 0, 0, 0, 0, 0, 
        0, 0, 0, 0, 0, 0, 
        0, 0, 0, 0, 0, 0, 
        0, 0, 0, 0, 0, 0, 
        0, 0, 0, 0, 0, 0, 
        0, 0, 0, 0, 0, 0, 
        0, 0, 0, 0, 0, 0, 
        0, 0, 0, 0, 0, 0, 
        0, 0, 0, 0, 0, 0, 
        0, 0, 0, 0, 0, 0, 
        0, 0, 0, 0, 0, 0
    ],
    "PfFact": [
        1, 
        1, 
        1, 
        1, 
        1, 
        1, 
        1, 
        1, 
        1, 
        1, 
        1, 
        1, 
        1, 
        1, 
        1, 
        1, 
        1, 
        1, 
        1, 
        1, 
        1, 
        1, 
        1, 
        1, 
        1, 
        1, 
        1, 
        1, 
        1, 
        1, 
        1, 
        1, 
        1, 
        1, 
        1, 
        1, 
        1, 
        1, 
        1, 
        1, 
        1, 
        1, 
        1, 
        1, 
        1, 
        1, 
        1, 
        1, 
        1, 
        1, 
        1, 
        1, 
        1, 
        1, 
        1, 
        1, 
        1, 
        1, 
        1, 
        1, 
        1, 
        1, 
        1, 
        1, 
        1, 
        1, 
        1, 
        1, 
        1, 
        1, 
        1, 
        1, 
        1, 
        1, 
        1, 
        1, 
        1, 
        1, 
        1, 
        1, 
        1
    ],
    "LsUpt": [
        0, 0, 
        0, 0, 
        0, 0, 
        0, 0, 
        0, 0, 
        0, 0, 
        0, 0, 
        0, 0, 
        0, 0
    ],
    "B": [
        0.393309117849402, 1.82261051138332, 6.46133662887568, 1e-09, 0.164002461317155, 41.2094163593183, 0.0677696672637168, 0.182752474149424, 0.0554597557441349, 88.2721832324033, 
        0.117040159568159, 28.0547311839971, 0
    ],
    "Pparc": [
        1, 1, 1, 1, 1, 1, 1, 1, 1, 1, 
        1, 1, 1, 1, 1, 1, 1, 1, 1, 1, 
        1, 1, 1, 1, 1, 1, 1, 1, 1, 1, 
        1, 1, 1, 1, 1, 1, 1, 1, 1, 1, 
        1, 1, 1, 1, 1, 1, 1, 1, 1, 1, 
        1, 1, 1, 1, 1, 1, 1, 1, 1, 1, 
        1, 1, 1, 1, 1, 1, 1, 1, 1, 1, 
        1, 1, 1, 1, 1, 1, 1, 1, 1, 1, 
        1, 1, 1, 1, 1, 1, 1, 1, 1, 1, 
        1, 1, 1, 1, 1, 1, 1, 1, 1, 1, 
        1, 1, 1, 1, 1, 1, 1, 1, 1, 1, 
        1, 1, 1, 1, 1, 1, 1, 1, 1, 1, 
        1, 1, 1, 1, 1, 1, 1, 1, 1, 1, 
        1, 1, 1, 1, 1, 1, 1, 1, 1, 1, 
        1, 1, 1, 1, 1, 1, 1, 1, 1, 1, 
        1, 1, 1, 1, 1, 1, 1, 1, 1, 1, 
        1, 1, 1, 1, 1, 1, 1, 1, 1, 1, 
        1
    ],
    "fDQF": [
        0, 0, 0, 0, 0, 0, 0, 0, 0, 0, 
        0, 0, 0, 0, 0, 0, 0, 0, 0, 0, 
        0, 0, 0, 0, 0, 0, 0, 0, 0, 0, 
        0, 0, 0, 0, 0, 0, 0, 0, 0, 0, 
        0, 0, 0, 0, 0, 0, 0, 0, 0, 0, 
        0, 0, 0, 0, 0, 0, 0, 0, 0, 0, 
        0, 0, 0, 0, 0, 0, 0, 0, 0, 0, 
        0, 0, 0, 0, 0, 0, 0, 0, 0, 0, 
        0, 0, 0, 0, 0, 0, 0, 0, 0, 0, 
        0, 0, 0, 0, 0, 0, 0, 0, 0, 0, 
        0, 0, 0, 0, 0, 0, 0, 0, 0, 0, 
        0, 0, 0, 0, 0, 0, 0, 0, 0, 0, 
        0, 0, 0, 0, 0, 0, 0, 0, 0, 0, 
        0, 0, 0, 0, 0, 0, 0, 0, 0, 0, 
        0, 0, 0, 0, 0, 0, 0, 0, 0, 0, 
        0, 0, 0, 0, 0, 0, 0, 0, 0, 0, 
        0, 0, 0, 0, 0, 0, 0, 0, 0, 0, 
        0
    ],
    "lnGmf": [
        0, 0, 0, 0, 0, 0, 0, 0, 0, 0, 
        0, 0, 0, 0, 0, 0, 0, 0, 0, 0, 
        0, 0, 0, 0, 0, 0, 0, 0, 0, 0, 
        0, 0, 0, 0, 0, 0, 0, 0, 0, 0, 
        0, 0, 0, 0, 0, 0, 0, 0, 0, 0, 
        0, 0, 0, 0, 0, 0, 0, 0, 0, 0, 
        0, 0, 0, 0, 0, 0, 0, 0, 0, 0, 
        0, 0, 0, 0, 0, 0, 0, 0, 0, 0, 
        0, 0, 0, 0, 0, 0, 0, 0, 0, 0, 
        0, 6.90775527898214, 0, 6.90775527898214, 0, 0, 0, 0, 0, 0, 
        0, 0, 0, 0, 0, 0, 0, 0, 0, 0, 
        0, 0, 0, 0, 0, 0, 0, 0, 0, 0, 
        0, 0, 0, 0, 0, 0, 0, 0, 0, 0, 
        0, 0, 0, 0, 0, 0, 0, 0, 0, 0, 
        0, 0, 0, 0, 0, 0, 0, 0, 0, 0, 
        0, 0, 0, 0, 0, 0, 0, 0, 0, 0, 
        0, 0, 0, 0, 0, 0, 0, 0, 0, 0, 
        0
    ],
    "RLC": [
        "B", "B", "B", "B", "B", "B", "B", "B", "B", "B", 
        "B", "B", "B", "B", "B", "B", "B", "B", "B", "B", 
        "B", "B", "B", "B", "B", "B", "B", "B", "B", "B", 
        "B", "B", "B", "B", "B", "B", "B", "B", "B", "B", 
        "B", "B", "B", "B", "B", "B", "B", "B", "B", "B", 
        "B", "B", "B", "B", "B", "B", "B", "B", "B", "B", 
        "B", "B", "B", "B", "B", "B", "B", "B", "B", "B", 
        "B", "B", "B", "B", "B", "B", "B", "B", "B", "B", 
        "B", "B", "B", "B", "B", "B", "B", "B", "B", "B", 
        "B", "B", "B", "B", "B", "B", "B", "B", "B", "B", 
        "B", "B", "B", "B", "B", "B", "B", "B", "B", "B", 
        "B", "B", "B", "B", "B", "B", "B", "B", "B", "B", 
        "B", "B", "B", "B", "B", "B", "B", "B", "B", "B", 
        "B", "B", "B", "B", "B", "B", "B", "B", "B", "B", 
        "B", "B", "B", "B", "B", "B", "B", "B", "B", "B", 
        "B", "B", "B", "B", "B", "B", "B", "B", "B", "B", 
        "B", "B", "B", "B", "B", "B", "B", "B", "B", "B", 
        "B"
    ],
    "RSC": [
        "M", "M", "M", "M", "M", "M", "M", "M", "M", "M", 
        "M", "M", "M", "M", "M", "M", "M", "M", "M", "M", 
        "M", "M", "M", "M", "M", "M", "M", "M", "M", "M", 
        "M", "M", "M", "M", "M", "M", "M", "M", "M", "M", 
        "M", "M", "M", "M", "M", "M", "M", "M", "M", "M", 
        "M", "M", "M", "M", "M", "M", "M", "M", "M", "M", 
        "M", "M", "M", "M", "M", "M", "M", "M", "M", "M", 
        "M", "M", "M", "M", "M", "M", "M", "M", "M", "M", 
        "M", "M", "M", "M", "M", "M", "M", "M", "M", "M", 
        "M", "M", "M", "M", "M", "M", "M", "M", "M", "M", 
        "M", "M", "M", "M", "M", "M", "M", "M", "M", "M", 
        "M", "M", "M", "M", "M", "M", "M", "M", "M", "M", 
        "M", "M", "M", "M", "M", "M", "M", "M", "M", "M", 
        "M", "M", "M", "M", "M", "M", "M", "M", "M", "M", 
        "M", "M", "M", "M", "M", "M", "M", "M", "M", "M", 
        "M", "M", "M", "M", "M", "M", "M", "M", "M", "M", 
        "M", "M", "M", "M", "M", "M", "M", "M", "M", "M", 
        "M"
    ],
    "DLL": [
        0, 0, 0, 0, 0, 0, 0, 0, 0, 0, 
        0, 0, 0, 0, 0, 0, 0, 0, 0, 0, 
        0, 0, 0, 0, 0, 0, 0, 0, 0, 0, 
        0, 0, 0, 0, 0, 0, 0, 0, 0, 0, 
        0, 0, 0, 0, 0, 0, 0, 0, 0, 0, 
        0, 0, 0, 0, 0, 0, 0, 0, 0, 0, 
        0, 0, 0, 0, 0, 0, 0, 0, 0, 0, 
        0, 0, 0, 0, 0, 0, 0, 0, 0, 0, 
        0, 0, 0, 0, 0, 0, 0, 0, 0, 0, 
        0, 0, 0, 0, 0, 0, 0, 0, 0, 0, 
        0, 0, 0, 0, 0, 0, 0, 0, 0, 0, 
        0, 0, 0, 0, 0, 0, 0, 0, 0, 0, 
        0, 0, 0, 0, 0, 0, 0, 0, 0, 0, 
        0, 0, 0, 0, 0, 0, 0, 0, 0, 0, 
        0, 0, 0, 0, 0, 0, 0, 0, 0, 0, 
        0, 0, 0, 0, 0, 0, 0, 0, 0, 0, 
        0, 0, 0, 0, 0, 0, 0, 0, 0, 26.679, 
        0
    ],
    "DUL": [
        1000000, 1000000, 1000000, 1000000, 1000000, 1000000, 1000000, 1000000, 1000000, 1000000, 
        1000000, 1000000, 1000000, 1000000, 1000000, 1000000, 1000000, 1000000, 1000000, 1000000, 
        1000000, 1000000, 1000000, 1000000, 1000000, 1000000, 1000000, 1000000, 1000000, 1000000, 
        1000000, 1000000, 1000000, 1000000, 1000000, 1000000, 1000000, 1000000, 1000000, 1000000, 
        1000000, 1000000, 1000000, 1000000, 1000000, 1000000, 1000000, 1000000, 1000000, 1000000, 
        1000000, 1000000, 1000000, 1000000, 1000000, 1000000, 1000000, 1000000, 1000000, 1000000, 
        1000000, 1000000, 1000000, 1000000, 1000000, 1000000, 1000000, 1000000, 1000000, 1000000, 
        1000000, 1000000, 1000000, 1000000, 1000000, 1000000, 1000000, 1000000, 1000000, 1000000, 
        1000000, 1000000, 1000000, 1000000, 1000000, 1000000, 1000000, 1000000, 1000000, 1000000, 
        1000000, 1000000, 1000000, 1000000, 1000000, 1000000, 1000000, 1000000, 1000000, 1000000, 
        1000000, 1000000, 1000000, 1000000, 1000000, 1000000, 1000000, 1000000, 1000000, 1000000, 
        1000000, 1000000, 1000000, 1000000, 1000000, 1000000, 1000000, 1000000, 1000000, 1000000, 
        1000000, 1000000, 1000000, 1000000, 1000000, 1000000, 1000000, 1000000, 1000000, 1000000, 
        1000000, 1000000, 1000000, 1000000, 1000000, 1000000, 1000000, 1000000, 1000000, 1000000, 
        1000000, 1000000, 1000000, 1000000, 1000000, 1000000, 1000000, 1000000, 1000000, 1000000, 
        1000000, 1000000, 1000000, 1000000, 1000000, 1000000, 1000000, 1000000, 1000000, 1000000, 
        1000000, 1000000, 1000000, 1000000, 1000000, 1000000, 1000000, 1000000, 1000000, 1000000, 
        1000000
    ],
    "Aalp": [
        0, 0, 0, 0, 0, 0, 0, 0, 0, 0, 
        0, 0, 0, 0, 0, 0, 0, 0, 0, 0, 
        0, 0, 0, 0, 0, 0, 0, 0, 0, 0, 
        0, 0, 0, 0, 0, 0, 0, 0, 0, 0, 
        0, 0, 0, 0, 0, 0, 0, 0, 0, 0, 
        0, 0, 0, 0, 0, 0, 0, 0, 0, 0, 
        0, 0, 0, 0, 0, 0, 0, 0, 0, 0, 
        0, 0, 0, 0, 0, 0, 0, 0, 0, 0, 
        0
    ],
    "Sigw": [
        0, 0, 0, 0, 0, 0, 0, 0, 0, 0, 
        0, 0, 0, 0, 0, 0, 0, 0, 0, 0, 
        0, 0, 0, 0, 0, 0, 0, 0, 0, 0, 
        0, 0, 0, 0, 0, 0, 0, 0, 0, 0, 
        0, 0, 0, 0, 0, 0, 0, 0, 0, 0, 
        0, 0, 0, 0, 0, 0, 0, 0, 0, 0, 
        0, 0, 0, 0, 0, 0, 0, 0, 0, 0, 
        0, 0, 0, 0, 0, 0, 0, 0, 0, 0, 
        0
    ],
    "Sigg": [
        0, 0, 0, 0, 0, 0, 0, 0, 0, 0, 
        0, 0, 0, 0, 0, 0, 0, 0, 0, 0, 
        0, 0, 0, 0, 0, 0, 0, 0, 0, 0, 
        0, 0, 0, 0, 0, 0, 0, 0, 0, 0, 
        0, 0, 0, 0, 0, 0, 0, 0, 0, 0, 
        0, 0, 0, 0, 0, 0, 0, 0, 0, 0, 
        0, 0, 0, 0, 0, 0, 0, 0, 0, 0, 
        0, 0, 0, 0, 0, 0, 0, 0, 0, 0, 
        0
    ],
    "YOF": [
        0, 0, 0, 0, 0, 0, 0, 0, 0, 0, 
        0, 0, 0, 0, 0, 0, 0, 0, 0, 0, 
        0, 0, 0, 0, 0, 0, 0, 0, 0, 0, 
        0, 0, 0, 0, 0, 0, 0, 0, 0, 0, 
        0, 0, 0, 0, 0, 0, 0, 0, 0, 0, 
        0, 0, 0, 0, 0, 0, 0, 0, 0, 0, 
        0, 0, 0, 0, 0, 0, 0, 0, 0, 0, 
        0, 0, 0, 0, 0, 0, 0, 0, 0, 0, 
        0
    ],
    "dcMod": [
        "HKF", "HKF", "HKF", "HKF", "HKF", "HKF", "HKF", "K3CN", "K3CN", "HKF", 
        "HKF", "HKF", "HKF", "HKF", "HKF", "K3C", "HKF", "HKF", "HKF", "HKF", 
        "HKF", "HKF", "HKF", "HKF", "HKF", "HKF", "HKF", "K3C", "K3C", "HKF", 
        "HKF", "HKF", "HKF", "HKF", "HKF", "HKF", "K3C", "HKF", "HKF", "HKF", 
        "HKF", "HKF", "HKF", "HKF", "HKF", "HKF", "K3C", "HKF", "HKF", "HKF", 
        "HKF", "HKF", "HKF", "K3CN", "CSCN", "K3CN", "HKF", "HKF", "HKF", "HKF", 
        "HKF", "HKF", "HKF", "HKF", "HKF", "HKF", "HKF", "HKF", "HKF", "HKF", 
        "HKF", "K3C", "HKF", "HKF", "HWF", "CSN", "CSN", "CSN", "CSN", "CSN", 
        "CSNN", "CSCN", "CSCN", "CSCN", "CSCN", "CSCN", "CSCN", "CSCN", "CSCN", "CSCN", 
        "CSCN", "CSCN", "CSCN", "CSCN", "CSCN", "CSCN", "CSCN", "K3CN", "K3CN", "CSCN", 
        "CSCN", "CSC", "CSNN", "CSCN", "CSCN", "CSCN", "CSCN", "CSNN", "CSNN", "CSCN", 
        "CSCN", "CSCN", "CSCN", "CSCN", "CSCN", "CSCN", "CSCN", "CSCN", "CSCN", "CSCN", 
        "K3CN", "K3CN", "CSCN", "CSCN", "CSCN", "CSCN", "CSCN", "CSCN", "CSCN", "CSCN", 
        "CSCN", "CSCN", "CSC", "CSC", "CSCN", "CSCN", "CSCN", "CSCN", "CSCN", "CSCN", 
        "CSC", "CSC", "CSCN", "CSC", "CSC", "CSC", "CSCN", "CSCN", "CSC", "K3C", 
        "CSC", "CSC", "K3C", "CSCN", "CSC", "CSC", "CSC", "CSCN", "CSCN", "CSCN", 
        "CSCN", "CSC", "CSC", "CSCN", "K3CN", "K3CN", "K3CN", "CSCN", "CSC", "CSC", 
        "CSCN"
    ],
    "mui": [
        0, 1, 2, 3, 4, 5, 6, 7, 8, 9, 
        10, 11, 12
    ],
    "muk": [
        0, 1, 2, 3, 9, 10, 12, 14, 15, 16, 
        17, 20, 21, 22, 23, 24, 25, 26, 27, 28, 
        29, 30, 31, 32, 33, 34, 35, 36, 37, 38, 
        39, 40, 41, 42, 43, 44, 45, 46, 47, 48, 
        49, 50, 51, 52, 53, 54, 55, 56, 57, 58, 
        59, 60, 61, 62, 63, 64, 65, 66, 67, 68, 
        69, 71, 72, 73, 75, 76, 77, 78, 79, 80, 
        81, 82, 83, 84, 85, 86, 87, 88, 89, 90, 
        91
    ],
    "muj": [
        0, 1, 2, 3, 4, 5, 6, 7, 8, 9, 
        10, 11, 12, 13, 14, 15, 16, 17, 18, 19, 
        20, 21, 22, 23, 24, 25, 26, 27, 28, 29, 
        30, 31, 32, 33, 34, 35, 36, 37, 38, 39, 
        40, 41, 42, 43, 44, 45, 46, 47, 48, 49, 
        50, 51, 52, 53, 54, 55, 56, 57, 58, 59, 
        60, 61, 62, 63, 64, 65, 66, 67, 68, 69, 
        70, 71, 72, 73, 74, 75, 76, 77, 78, 79, 
        80, 81, 82, 83, 84, 85, 86, 87, 88, 99, 
        100, 101, 102, 105, 106, 109, 110, 111, 112, 113, 
        114, 117, 118, 119, 120, 121, 122, 123, 124, 125, 
        126, 127, 128, 129, 130, 131, 132, 133, 134, 135, 
        136, 137, 138, 139, 140, 141, 142, 143, 144, 145, 
        146, 147, 148, 149, 150, 151, 152, 153, 154, 155, 
        156, 157, 158, 159, 160, 161, 162, 163, 164, 165, 
        166, 168, 169, 170, 172, 173, 174, 175, 176, 177, 
        178, 179, 180, 181, 182, 183, 184, 185, 186, 187, 
        188
    ]
  }
}
]