[
{
  "_key" : "calcite-ipm",
  "set" : "calcite",
  "ipm" : {
    "ID_key": "OPApw     G  calcite     0    0       1       20      0",
    "pa_PE": 1,
    "PV": 1,
    "PSOL": 0,
    "PAalp": "+",
    "PSigm": "+",
    "Lads": 0,
    "FIa": 0,
    "FIat": 0,
    "pa_DB": 1e-17,
    "pa_DHB": 1e-13,
    "pa_EPS": 1e-10,
    "pa_DK": 1e-05,
    "pa_DS": 1e-20,
    "pa_DF": 0.01,
    "pa_DFM": 0.01,
    "pa_DP": 130,
    "pa_IIM": 9999,
    "pa_PD": 2,
    "pa_PRD": -4,
    "pa_AG": 1,
    "pa_DGC": 0,
    "pa_PSM": 1,
    "pa_GAR": 1,
    "pa_GAH": 1000,
    "pa_XwMin": 1e-13,
    "pa_ScMin": 1e-13,
    "pa_DcMin": 1e-33,
    "pa_PhMin": 1e-20,
    "pa_ICmin": 1e-05,
    "pa_PC": 2,
    "pa_DFYw": 1e-05,
    "pa_DFYaq": 1e-05,
    "pa_DFYid": 1e-05,
    "pa_DFYr": 1e-05,
    "pa_DFYh": 1e-05,
    "pa_DFYc": 1e-05,
    "pa_DFYs": 1e-06,
    "pa_DW": 1,
    "pa_DT": 0,
    "pa_GAS": 0.001,
    "pa_DG": 1000,
    "pa_DNS": 12.05,
    "pa_IEPS": 0.001,
    "pKin": 1,
    "pa_DKIN": 1e-10,
    "pa_PLLG": 30000,
    "tMin": 0,
    "sMod": [
        "HNNSNNNN", "INNINNNN"
    ],
    "LsMod": [
        2, 0, 4, 
        0, 0, 0
    ],
    "PMc": [
        0.0640000030398369, 3.72000002861023, 1, 1, 1, 0, 0, 0
    ],
    "LsMdc": [
        0, 0, 0, 
        0, 0, 0
    ],
    "LsMdc2": [
        0, 0, 0, 
        0, 0, 0
    ],
    "LsPhl": [
        0, 0, 
        0, 0, 
        0, 0, 
        0, 0, 
        0, 0, 
        0, 0, 
        0, 0, 
        0, 0, 
        0, 0, 
        0, 0, 
        0, 0, 
        0, 0, 
        0, 0
    ],
    "SorMc": [
        0, 0, 0, 0, 0, 0, 0, 0, 0, 0, 0, 0, 0, 0, 0, 0, 
        0, 0, 0, 0, 0, 0, 0, 0, 0, 0, 0, 0, 0, 0, 0, 0
    ],
    "LsISmo": [
        0, 0, 0, 0, 
        0, 0, 0, 0
    ],
    "LsESmo": [
        0, 0, 0, 0, 
        0, 0, 0, 0
    ],
    "kMod": [
        "NNNNNN", "NNNNNN", "NNNNNN", "NNNNNN", "NNNNNN", "NNNNNN", "NNNNNN", "NNNNNN", "NNNNNN", "NNNNNN", 
        "NNNNNN", "NNNNNN", "NNNNNN"
    ],
    "LsKin": [
        0, 0, 0, 0, 0, 0, 
        0, 0, 0, 0, 0, 0, 
        0, 0, 0, 0, 0, 0, 
        0, 0, 0, 0, 0, 0, 
        0, 0, 0, 0, 0, 0, 
        0, 0, 0, 0, 0, 0, 
        0, 0, 0, 0, 0, 0, 
        0, 0, 0, 0, 0, 0, 
        0, 0, 0, 0, 0, 0, 
        0, 0, 0, 0, 0, 0, 
        0, 0, 0, 0, 0, 0, 
        0, 0, 0, 0, 0, 0, 
        0, 0, 0, 0, 0, 0
    ],
    "PfFact": [
        1, 
        1, 
        1, 
        1, 
        1, 
        1, 
        1, 
        1, 
        1, 
        1, 
        1, 
        1, 
        1
    ],
    "LsUpt": [
        0, 0, 
        0, 0
    ],
    "B": [
        0.00241247570183755, 0.0014, 0.00536, 111.019446657646, 0.00023, 0.0048, 0.054729517594269, 55.5313532658639, 0.0003, 0
    ],
    "Pparc": [
        1, 1, 1, 1, 1, 1, 1, 1, 1, 1, 
        1, 1, 1, 1, 1, 1, 1, 1, 1, 1, 
        1, 1, 1, 1, 1, 1, 1, 1, 1, 1, 
        1, 1, 1, 1, 1, 1, 1, 1, 1, 1, 
        1, 1, 1, 1, 1, 1, 1, 1, 1, 1, 
        1, 1
    ],
    "fDQF": [
        0, 0, 0, 0, 0, 0, 0, 0, 0, 0, 
        0, 0, 0, 0, 0, 0, 0, 0, 0, 0, 
        0, 0, 0, 0, 0, 0, 0, 0, 0, 0, 
        0, 0, 0, 0, 0, 0, 0, 0, 0, 0, 
        0, 0, 0, 0, 0, 0, 0, 0, 0, 0, 
        0, 0
    ],
    "lnGmf": [
        0, 0, 0, 0, 0, 0, 0, 0, 0, 0, 
        0, 0, 0, 0, 0, 0, 0, 0, 0, 0, 
        0, 0, 0, 0, 0, 0, 0, 0, 0, 0, 
        0, 0, 0, 0, 0, 0, 0, 0, 0, 0, 
        0, 0, 0, 0, 0, 0, 0, 0, 0, 0, 
        0, 0
    ],
    "RLC": [
        "B", "B", "B", "B", "B", "B", "B", "B", "B", "B", 
        "B", "B", "B", "B", "B", "B", "B", "B", "B", "B", 
        "B", "B", "B", "B", "B", "B", "B", "B", "B", "B", 
        "B", "B", "B", "B", "B", "B", "B", "B", "B", "B", 
        "B", "B", "B", "B", "B", "B", "B", "B", "B", "B", 
        "B", "B"
    ],
    "RSC": [
        "M", "M", "M", "M", "M", "M", "M", "M", "M", "M", 
        "M", "M", "M", "M", "M", "M", "M", "M", "M", "M", 
        "M", "M", "M", "M", "M", "M", "M", "M", "M", "M", 
        "M", "M", "M", "M", "M", "M", "M", "M", "M", "M", 
        "M", "M", "M", "M", "M", "M", "M", "M", "M", "M", 
        "M", "M"
    ],
    "DLL": [
        0, 0, 0, 0, 0, 0, 0, 0, 0, 0, 
        0, 0, 0, 0, 0, 0, 0, 0, 0, 0, 
        0, 0, 0, 0, 0, 0, 0, 0, 0, 0, 
        0, 0, 0, 0, 0, 0, 0, 0, 0, 0, 
        0, 0, 0, 0, 0, 0, 0, 0, 0, 0, 
        0, 0
    ],
    "DUL": [
        1000000, 1000000, 1000000, 1000000, 1000000, 1000000, 1000000, 1000000, 1000000, 1000000, 
        1000000, 1000000, 1000000, 1000000, 1000000, 1000000, 1000000, 1000000, 1000000, 1000000, 
        1000000, 1000000, 1000000, 1000000, 1000000, 1000000, 1000000, 1000000, 1000000, 1000000, 
        1000000, 1000000, 1000000, 1000000, 1000000, 1000000, 1000000, 1000000, 1000000, 1000000, 
        1000000, 1000000, 1000000, 1000000, 1000000, 1000000, 1000000, 1000000, 1000000, 1000000, 
        1000000, 1000000
    ],
    "Aalp": [
        0, 0, 0, 0, 0, 0, 0, 0, 0, 0, 
        0, 0, 0
    ],
    "Sigw": [
        0, 0, 0, 0, 0, 0, 0, 0, 0, 0, 
        0, 0, 0
    ],
    "Sigg": [
        0, 0, 0, 0, 0, 0, 0, 0, 0, 0, 
        0, 0, 0
    ],
    "YOF": [
        0, 0, 0, 0, 0, 0, 0, 0, 0, 0, 
        0, 0, 0
    ],
    "dcMod": [
        "HKF", "HKF", "HKF", "HKF", "HKF", "HKF", "HKF", "HKF", "HKF", "HKF", 
        "HKF", "HKF", "HKF", "HKF", "HKF", "HKF", "HKF", "HKF", "HKF", "HKF", 
        "HKF", "HKF", "HKF", "HKF", "HKF", "HKF", "HKF", "HKF", "HKF", "HKF", 
        "HKF", "K3C", "HKF", "HKF", "HWF", "CSN", "CSN", "CSN", "CSN", "CSN", 
        "CSN", "CSC", "CSC", "CSC", "CSC", "CSC", "CSC", "CSC", "CSC", "CSC", 
        "CSC", "CSC"
    ],
    "mui": [
        2, 3, 4, 8, 10, 12, 13, 14, 16, 20
    ],
    "muk": [
        0, 1, 6, 7, 8, 10, 11, 12, 13, 14, 
        31, 32, 41
    ],
    "muj": [
        20, 21, 22, 23, 25, 71, 72, 73, 75, 76, 
        88, 89, 90, 91, 93, 163, 164, 165, 166, 167, 
        168, 172, 173, 174, 175, 176, 177, 178, 179, 180, 
        181, 182, 183, 184, 185, 186, 187, 188, 189, 190, 
        191, 196, 197, 198, 200, 201, 202, 203, 204, 221, 
        222, 231
    ]
  }
}
]