[
{
  "_key" : "PC-slim-dch",
  "set" : "PC-slim",
  "dch" : {
    "nIC": 13,
    "nDC": 163,
    "nPH": 70,
    "nPS": 12,
    "nDCs": 105,
    "nICb": 13,
    "nDCb": 163,
    "nPHb": 70,
    "nPSb": 12,
    "nTp": 1,
    "nPp": 1,
    "iGrd": 0,
    "fAalp": 1,
    "mLook": 0,
    "xic": [
        0, 1, 2, 3, 4, 5, 6, 7, 8, 9, 
        10, 11, 12
    ],
    "xdc": [
        0, 1, 2, 3, 4, 5, 6, 7, 8, 9, 
        10, 11, 12, 13, 14, 15, 16, 17, 18, 19, 
        20, 21, 22, 23, 24, 25, 26, 27, 28, 29, 
        30, 31, 32, 33, 34, 35, 36, 37, 38, 39, 
        40, 41, 42, 43, 44, 45, 46, 47, 48, 49, 
        50, 51, 52, 53, 54, 55, 56, 57, 58, 59, 
        60, 61, 62, 63, 64, 65, 66, 67, 68, 69, 
        70, 71, 72, 73, 74, 75, 76, 77, 78, 79, 
        80, 81, 82, 83, 84, 85, 86, 87, 88, 89, 
        90, 91, 92, 93, 94, 95, 96, 97, 98, 99, 
        100, 101, 102, 103, 104, 105, 106, 107, 108, 109, 
        110, 111, 112, 113, 114, 115, 116, 117, 118, 119, 
        120, 121, 122, 123, 124, 125, 126, 127, 128, 129, 
        130, 131, 132, 133, 134, 135, 136, 137, 138, 139, 
        140, 141, 142, 143, 144, 145, 146, 147, 148, 149, 
        150, 151, 152, 153, 154, 155, 156, 157, 158, 159, 
        160, 161, 162
    ],
    "xph": [
        0, 1, 2, 3, 4, 5, 6, 7, 8, 9, 
        10, 11, 12, 13, 14, 15, 16, 17, 18, 19, 
        20, 21, 22, 23, 24, 25, 26, 27, 28, 29, 
        30, 31, 32, 33, 34, 35, 36, 37, 38, 39, 
        40, 41, 42, 43, 44, 45, 46, 47, 48, 49, 
        50, 51, 52, 53, 54, 55, 56, 57, 58, 59, 
        60, 61, 62, 63, 64, 65, 66, 67, 68, 69
    ],
    "ICNL": [
        "Al", "C", "Ca", "Cl", "Fe", "H", "K", "Mg", "Na", "O", 
        "S", "Si", "Zz"
    ],
    "ccIC": [
        "e", "e", "e", "e", "e", "h", "e", "e", "e", "o", 
        "e", "e", "z"
    ],
    "ICmm": [
        0.0269815406799316, 0.0120108003616333, 0.0400779991149902, 0.0354529991149902, 0.0558450012207031, 0.00100794994831085, 0.0390983009338379, 0.0243050003051758, 0.0229897994995117, 0.015999400138855, 
        0.0320670013427734, 0.0280855007171631, 0
    ],
    "DCNL": [
        "Al(SO4)+", "Al(SO4)2-", "Al+3", "AlO+", "AlO2-", "AlO2H@", "AlOH+2", "AlHSiO3+2", "AlSiO5-3", "Ca(CO3)@", 
        "Ca(HCO3)+", "Ca(SO4)@", "Ca+2", "CaOH+", "Ca(HSiO3)+", "CaSiO3@", "Fe(CO3)@", "Fe(HCO3)+", "Fe(HSO4)+", "Fe(SO4)@", 
        "Fe+2", "FeCl+", "FeOH+", "Fe(HSO4)+2", "Fe(SO4)+", "Fe(SO4)2-", "Fe+3", "Fe2(OH)2+4", "Fe3(OH)4+5", "FeCl+2", 
        "FeCl2+", "FeCl3@", "FeO+", "FeO2-", "FeO2H@", "FeOH+2", "FeHSiO3+2", "K(SO4)-", "K+", "KOH@", 
        "Mg(CO3)@", "Mg(HCO3)+", "Mg+2", "MgOH+", "MgSO4@", "Mg(HSiO3)+", "MgSiO3@", "Na(CO3)-", "Na(HCO3)@", "Na(SO4)-", 
        "Na+", "NaOH@", "HSiO3-", "Si4O10-4", "SiO2@", "SiO3-2", "CO2@", "CO3-2", "HCO3-", "CH4@", 
        "ClO4-", "Cl-", "H2@", "O2@", "S2O3-2", "HSO3-", "SO3-2", "HSO4-", "SO4-2", "H2S@", 
        "HS-", "S-2", "OH-", "H+", "H2O@", "CO2", "CH4", "H2", "O2", "H2S", 
        "H2O", "C3AFS0.84H4.32", "C3FS0.84H4.32", "CSHQ-JenD", "CSHQ-JenH", "CSHQ-TobD", "CSHQ-TobH", "KSiOH", "NaSiOH", "straetlingite", 
        "straetlingite7", "ettringite", "ettringite30", "C4AH13", "monosulphate12", "C4AH13", "monosulphate12", "tricarboalu03", "ettringite03_ss", "tricarboalu03", 
        "ettringite03_ss", "Mg3AlC0.5OH", "Mg3FeC0.5OH", "M075SH", "M15SH", "AlOHam", "AlOHmic", "Kln", "CA2", "C2AH7.5", 
        "C3AH6", "C4AH11", "C4AH13", "C4AH19", "CAH10", "monosulphate10.5", "monosulphate12", "monosulphate14", "monosulphate16", "monosulphate9", 
        "chabazite", "zeoliteP_Ca", "straetlingite5.5", "monocarbonate9", "hemicarbonat10.5", "hemicarbonate", "hemicarbonate9", "monocarbonate", "C4AClH10", "C4AsClH12", 
        "ettringite13", "ettringite9", "Arg", "Cal", "C3FH6", "C4FH13", "C3FS0.84H4.32", "C3FS1.34H3.32", "Fe-hemicarbonate", "Femonocarbonate", 
        "Dis-Dol", "Ord-Dol", "Portlandite", "Anh", "Gp", "hemihydrate", "thaumasite", "FeCO3(pr)", "Sd", "Mag", 
        "Fe(OH)3(am)", "FeOOHmic", "Melanterite", "K2SO4", "syngenite", "hydrotalcite", "Mgs", "Brc", "Na2SO4", "natrolite", 
        "zeoliteX", "zeoliteY", "Amor-Sl"
    ],
    "ccDC": [
        "S", "S", "S", "S", "S", "S", "S", "S", "S", "S", 
        "S", "S", "S", "S", "S", "S", "S", "S", "S", "S", 
        "S", "S", "S", "S", "S", "S", "S", "S", "S", "S", 
        "S", "S", "S", "S", "S", "S", "S", "S", "S", "S", 
        "S", "S", "S", "S", "S", "S", "S", "S", "S", "S", 
        "S", "S", "S", "S", "S", "S", "S", "S", "S", "S", 
        "S", "S", "S", "S", "S", "S", "S", "S", "S", "S", 
        "S", "S", "S", "T", "W", "G", "G", "G", "G", "G", 
        "G", "I", "I", "I", "I", "I", "I", "I", "I", "I", 
        "I", "I", "I", "J", "M", "M", "J", "J", "M", "M", 
        "J", "I", "I", "I", "I", "O", "O", "O", "O", "O", 
        "O", "O", "O", "O", "O", "O", "O", "O", "O", "O", 
        "O", "O", "O", "O", "O", "O", "O", "O", "O", "O", 
        "O", "O", "O", "O", "O", "O", "O", "O", "O", "O", 
        "O", "O", "O", "O", "O", "O", "O", "O", "O", "O", 
        "O", "O", "O", "O", "O", "O", "O", "O", "O", "O", 
        "O", "O", "O"
    ],
    "DCmm": [
        0.123046142578125, 0.219110744476318, 0.0269815406799316, 0.0429809408187866, 0.0589803409576416, 0.0599882909059525, 0.0439888907670975, 0.104073191761971, 0.13506404209137, 0.100086999893188, 
        0.101094949841499, 0.136142601013184, 0.0400779991149902, 0.0570853492021561, 0.117169650197029, 0.116161700248718, 0.115854001998901, 0.116861951947212, 0.152917553067207, 0.151909603118896, 
        0.0558450012207031, 0.0912980003356934, 0.072852351307869, 0.152917553067207, 0.151909603118896, 0.24797420501709, 0.0558450012207031, 0.145704702615738, 0.235564404010773, 0.0912980003356934, 
        0.126750999450684, 0.162203998565674, 0.0718444013595581, 0.0878438014984131, 0.0888517514467239, 0.072852351307869, 0.132936652302742, 0.135162902832031, 0.0390983009338379, 0.0561056510210037, 
        0.084314001083374, 0.0853219510316849, 0.0243050003051758, 0.0413123503923416, 0.120369602203369, 0.101396651387215, 0.100388701438904, 0.08299880027771, 0.0840067502260208, 0.119054401397705, 
        0.0229897994995117, 0.0399971495866775, 0.0770916510820389, 0.272336004257202, 0.060084300994873, 0.076083701133728, 0.0440096006393433, 0.0600090007781982, 0.0610169507265091, 0.0160426001548767, 
        0.0994505996704102, 0.0354529991149902, 0.0020158998966217, 0.03199880027771, 0.112132203102112, 0.0810731517076492, 0.0800652017593384, 0.0970725518465042, 0.0960646018981934, 0.0340829012393951, 
        0.0330749512910843, 0.0320670013427734, 0.0170073500871658, 0.00100794994831085, 0.0180153000354767, 0.0440096006393433, 0.0160426001548767, 0.0020158998966217, 0.03199880027771, 0.0340829012393951, 
        0.0180153000354767, 0.427353849067688, 0.456217309608459, 0.169212552442741, 0.173886048006892, 0.119821407543999, 0.124494053130627, 0.0436727457165718, 0.0356184949994087, 0.418322781562805, 
        0.400307481527328, 1.25511088371277, 1.21908028364182, 0.560469779253006, 0.622519680976868, 0.560469779253006, 0.622519680976868, 0.382314694950822, 0.418370296070817, 0.382314694950822, 
        0.418370296070817, 0.310998092770576, 0.339861553311348, 0.225663452744484, 0.165579151749611, 0.0780035909414291, 0.0780035909414291, 0.258160483837128, 0.259999962806702, 0.349230830550194, 
        0.378285279750824, 0.524439179182053, 0.560469779253006, 0.668561579465866, 0.33819168138504, 0.595496730923653, 0.622519680976868, 0.658550281047821, 0.694580881118774, 0.568473780870438, 
        0.506467685222626, 0.359276133179665, 0.373284531474113, 0.532418179750442, 0.537436329483986, 0.564459279537201, 0.510413379430771, 0.568448779821396, 0.561330477237701, 0.609940379142761, 
        0.912820183038712, 0.840758982896805, 0.100086999893188, 0.100086999893188, 0.436012200832367, 0.618196700334549, 0.456217309608459, 0.468244160070419, 0.58615560054779, 0.644191000938416, 
        0.184401000976563, 0.184401000976563, 0.0740926992893219, 0.136142601013184, 0.172173201084137, 0.145150251030922, 0.622620801687241, 0.115854001998901, 0.115854001998901, 0.231532604217529, 
        0.106867051482201, 0.0888517514467239, 0.278016703367233, 0.174261203765869, 0.328419104814529, 0.443331883907318, 0.084314001083374, 0.0583197004795074, 0.142044200897217, 0.380223783969879, 
        0.425845893621445, 0.548399885177612, 0.060084300994873
    ],
    "PHNL": [
        "aq_gen", "gas_gen", "C3(AF)S0.84H", "CSHQ", "straetlingite", "ettringite", "SO4_OH_AFm", "OH_SO4_AFm", "SO4_CO3_AFt", "CO3_SO4_AFt", 
        "hydrotalc-pyro", "MSH", "Al(OH)3am", "Al(OH)3mic", "Kaolinite", "CA2", "C2AH75", "C3AH6", "C4AH11", "C4AH13", 
        "C4AH19", "CAH10", "C4AsH105", "C4AsH12", "C4AsH14", "C4AsH16", "C4AsH9", "Chabazite", "ZeoliteP", "C2ASH55", 
        "C4AcH9", "C4Ac0.5H105", "C4Ac0.5H12", "C4Ac0.5H9", "C4AcH11", "Friedels", "Kuzels", "C6AsH13", "C6AsH9", "Aragonite", 
        "Calcite", "C3FH6", "C4FH13", "C3FS0.84H4.32", "C3FS1.34H3.32", "C4Fc05H10", "C4FcH12", "Dolomite-dis", "Dolomite-ord", "Portlandite", 
        "Anhydrite", "Gypsum", "hemihydrate", "thaumasite", "Fe-carbonate", "Siderite", "Magnetite", "Ferrihydrite-am", "Ferrihydrite-mc", "Melanterite", 
        "arcanite", "syngenite", "OH-hydrotalcite", "Magnesite", "Brucite", "thenardite", "Natrolite", "ZeoliteX", "ZeoliteY", "Silica-amorph"
    ],
    "ccPH": [
        "a", "g", "s", "s", "s", "s", "s", "s", "s", "s", 
        "s", "s", "s", "s", "s", "s", "s", "s", "s", "s", 
        "s", "s", "s", "s", "s", "s", "s", "s", "s", "s", 
        "s", "s", "s", "s", "s", "s", "s", "s", "s", "s", 
        "s", "s", "s", "s", "s", "s", "s", "s", "s", "s", 
        "s", "s", "s", "s", "s", "s", "s", "s", "s", "s", 
        "s", "s", "s", "s", "s", "s", "s", "s", "s", "s"
    ],
    "nDCinPH": [
        75, 6, 2, 6, 2, 2, 2, 2, 2, 2, 
        2, 2, 1, 1, 1, 1, 1, 1, 1, 1, 
        1, 1, 1, 1, 1, 1, 1, 1, 1, 1, 
        1, 1, 1, 1, 1, 1, 1, 1, 1, 1, 
        1, 1, 1, 1, 1, 1, 1, 1, 1, 1, 
        1, 1, 1, 1, 1, 1, 1, 1, 1, 1, 
        1, 1, 1, 1, 1, 1, 1, 1, 1, 1
    ],
    "A": [
        1, 0, 0, 0, 0, 0, 0, 0, 0, 4, 1, 0, 1, 
        1, 0, 0, 0, 0, 0, 0, 0, 0, 8, 2, 0, -1, 
        1, 0, 0, 0, 0, 0, 0, 0, 0, 0, 0, 0, 3, 
        1, 0, 0, 0, 0, 0, 0, 0, 0, 1, 0, 0, 1, 
        1, 0, 0, 0, 0, 0, 0, 0, 0, 2, 0, 0, -1, 
        1, 0, 0, 0, 0, 1, 0, 0, 0, 2, 0, 0, 0, 
        1, 0, 0, 0, 0, 1, 0, 0, 0, 1, 0, 0, 2, 
        1, 0, 0, 0, 0, 1, 0, 0, 0, 3, 0, 1, 2, 
        1, 0, 0, 0, 0, 0, 0, 0, 0, 5, 0, 1, -3, 
        0, 1, 1, 0, 0, 0, 0, 0, 0, 3, 0, 0, 0, 
        0, 1, 1, 0, 0, 1, 0, 0, 0, 3, 0, 0, 1, 
        0, 0, 1, 0, 0, 0, 0, 0, 0, 4, 1, 0, 0, 
        0, 0, 1, 0, 0, 0, 0, 0, 0, 0, 0, 0, 2, 
        0, 0, 1, 0, 0, 1, 0, 0, 0, 1, 0, 0, 1, 
        0, 0, 1, 0, 0, 1, 0, 0, 0, 3, 0, 1, 1, 
        0, 0, 1, 0, 0, 0, 0, 0, 0, 3, 0, 1, 0, 
        0, 1, 0, 0, 1, 0, 0, 0, 0, 3, 0, 0, 0, 
        0, 1, 0, 0, 1, 1, 0, 0, 0, 3, 0, 0, 1, 
        0, 0, 0, 0, 1, 1, 0, 0, 0, 4, 1, 0, 1, 
        0, 0, 0, 0, 1, 0, 0, 0, 0, 4, 1, 0, 0, 
        0, 0, 0, 0, 1, 0, 0, 0, 0, 0, 0, 0, 2, 
        0, 0, 0, 1, 1, 0, 0, 0, 0, 0, 0, 0, 1, 
        0, 0, 0, 0, 1, 1, 0, 0, 0, 1, 0, 0, 1, 
        0, 0, 0, 0, 1, 1, 0, 0, 0, 4, 1, 0, 2, 
        0, 0, 0, 0, 1, 0, 0, 0, 0, 4, 1, 0, 1, 
        0, 0, 0, 0, 1, 0, 0, 0, 0, 8, 2, 0, -1, 
        0, 0, 0, 0, 1, 0, 0, 0, 0, 0, 0, 0, 3, 
        0, 0, 0, 0, 2, 2, 0, 0, 0, 2, 0, 0, 4, 
        0, 0, 0, 0, 3, 4, 0, 0, 0, 4, 0, 0, 5, 
        0, 0, 0, 1, 1, 0, 0, 0, 0, 0, 0, 0, 2, 
        0, 0, 0, 2, 1, 0, 0, 0, 0, 0, 0, 0, 1, 
        0, 0, 0, 3, 1, 0, 0, 0, 0, 0, 0, 0, 0, 
        0, 0, 0, 0, 1, 0, 0, 0, 0, 1, 0, 0, 1, 
        0, 0, 0, 0, 1, 0, 0, 0, 0, 2, 0, 0, -1, 
        0, 0, 0, 0, 1, 1, 0, 0, 0, 2, 0, 0, 0, 
        0, 0, 0, 0, 1, 1, 0, 0, 0, 1, 0, 0, 2, 
        0, 0, 0, 0, 1, 1, 0, 0, 0, 3, 0, 1, 2, 
        0, 0, 0, 0, 0, 0, 1, 0, 0, 4, 1, 0, -1, 
        0, 0, 0, 0, 0, 0, 1, 0, 0, 0, 0, 0, 1, 
        0, 0, 0, 0, 0, 1, 1, 0, 0, 1, 0, 0, 0, 
        0, 1, 0, 0, 0, 0, 0, 1, 0, 3, 0, 0, 0, 
        0, 1, 0, 0, 0, 1, 0, 1, 0, 3, 0, 0, 1, 
        0, 0, 0, 0, 0, 0, 0, 1, 0, 0, 0, 0, 2, 
        0, 0, 0, 0, 0, 1, 0, 1, 0, 1, 0, 0, 1, 
        0, 0, 0, 0, 0, 0, 0, 1, 0, 4, 1, 0, 0, 
        0, 0, 0, 0, 0, 1, 0, 1, 0, 3, 0, 1, 1, 
        0, 0, 0, 0, 0, 0, 0, 1, 0, 3, 0, 1, 0, 
        0, 1, 0, 0, 0, 0, 0, 0, 1, 3, 0, 0, -1, 
        0, 1, 0, 0, 0, 1, 0, 0, 1, 3, 0, 0, 0, 
        0, 0, 0, 0, 0, 0, 0, 0, 1, 4, 1, 0, -1, 
        0, 0, 0, 0, 0, 0, 0, 0, 1, 0, 0, 0, 1, 
        0, 0, 0, 0, 0, 1, 0, 0, 1, 1, 0, 0, 0, 
        0, 0, 0, 0, 0, 1, 0, 0, 0, 3, 0, 1, -1, 
        0, 0, 0, 0, 0, 0, 0, 0, 0, 10, 0, 4, -4, 
        0, 0, 0, 0, 0, 0, 0, 0, 0, 2, 0, 1, 0, 
        0, 0, 0, 0, 0, 0, 0, 0, 0, 3, 0, 1, -2, 
        0, 1, 0, 0, 0, 0, 0, 0, 0, 2, 0, 0, 0, 
        0, 1, 0, 0, 0, 0, 0, 0, 0, 3, 0, 0, -2, 
        0, 1, 0, 0, 0, 1, 0, 0, 0, 3, 0, 0, -1, 
        0, 1, 0, 0, 0, 4, 0, 0, 0, 0, 0, 0, 0, 
        0, 0, 0, 1, 0, 0, 0, 0, 0, 4, 0, 0, -1, 
        0, 0, 0, 1, 0, 0, 0, 0, 0, 0, 0, 0, -1, 
        0, 0, 0, 0, 0, 2, 0, 0, 0, 0, 0, 0, 0, 
        0, 0, 0, 0, 0, 0, 0, 0, 0, 2, 0, 0, 0, 
        0, 0, 0, 0, 0, 0, 0, 0, 0, 3, 2, 0, -2, 
        0, 0, 0, 0, 0, 1, 0, 0, 0, 3, 1, 0, -1, 
        0, 0, 0, 0, 0, 0, 0, 0, 0, 3, 1, 0, -2, 
        0, 0, 0, 0, 0, 1, 0, 0, 0, 4, 1, 0, -1, 
        0, 0, 0, 0, 0, 0, 0, 0, 0, 4, 1, 0, -2, 
        0, 0, 0, 0, 0, 2, 0, 0, 0, 0, 1, 0, 0, 
        0, 0, 0, 0, 0, 1, 0, 0, 0, 0, 1, 0, -1, 
        0, 0, 0, 0, 0, 0, 0, 0, 0, 0, 1, 0, -2, 
        0, 0, 0, 0, 0, 1, 0, 0, 0, 1, 0, 0, -1, 
        0, 0, 0, 0, 0, 1, 0, 0, 0, 0, 0, 0, 1, 
        0, 0, 0, 0, 0, 2, 0, 0, 0, 1, 0, 0, 0, 
        0, 1, 0, 0, 0, 0, 0, 0, 0, 2, 0, 0, 0, 
        0, 1, 0, 0, 0, 4, 0, 0, 0, 0, 0, 0, 0, 
        0, 0, 0, 0, 0, 2, 0, 0, 0, 0, 0, 0, 0, 
        0, 0, 0, 0, 0, 0, 0, 0, 0, 2, 0, 0, 0, 
        0, 0, 0, 0, 0, 2, 0, 0, 0, 0, 1, 0, 0, 
        0, 0, 0, 0, 0, 2, 0, 0, 0, 1, 0, 0, 0, 
        1, 0, 3, 0, 1, 8.64, 0, 0, 0, 12, 0, 0.84, 0, 
        0, 0, 3, 0, 2, 8.64, 0, 0, 0, 12, 0, 0.84, 0, 
        0, 0, 1.5, 0, 0, 5, 0, 0, 0, 5.3334, 0, 0.6667, 0, 
        0, 0, 1.3333, 0, 0, 4.3334, 0, 0, 0, 5.5, 0, 1, 0, 
        0, 0, 0.833375, 0, 0, 3.66685, 0, 0, 0, 4.0002, 0, 0.6667, 0, 
        0, 0, 0.6667, 0, 0, 3, 0, 0, 0, 4.1667, 0, 1, 0, 
        0, 0, 0, 0, 0, 0.9, 0.5, 0, 0, 1.1, 0, 0.2, 0, 
        0, 0, 0, 0, 0, 0.9, 0, 0, 0.5, 1.1, 0, 0.2, 0, 
        2, 0, 2, 0, 0, 16, 0, 0, 0, 15, 0, 1, 0, 
        2, 0, 2, 0, 0, 14, 0, 0, 0, 14, 0, 1, 0, 
        2, 0, 6, 0, 0, 64, 0, 0, 0, 50, 3, 0, 0, 
        2, 0, 6, 0, 0, 60, 0, 0, 0, 48, 3, 0, 0, 
        2, 0, 4, 0, 0, 26, 0, 0, 0, 20, 0, 0, 0, 
        2, 0, 4, 0, 0, 24, 0, 0, 0, 22, 1, 0, 0, 
        2, 0, 4, 0, 0, 26, 0, 0, 0, 20, 0, 0, 0, 
        2, 0, 4, 0, 0, 24, 0, 0, 0, 22, 1, 0, 0, 
        0.6666667, 1, 2, 0, 0, 21.3333334, 0, 0, 0, 15.6666667, 0, 0, 0, 
        0.6666667, 0, 2, 0, 0, 21.3333334, 0, 0, 0, 16.6666667, 1, 0, 0, 
        0.6666667, 1, 2, 0, 0, 21.3333334, 0, 0, 0, 15.6666667, 0, 0, 0, 
        0.6666667, 0, 2, 0, 0, 21.3333334, 0, 0, 0, 16.6666667, 1, 0, 0, 
        1, 0.5, 0, 0, 0, 13, 0, 3, 0, 12, 0, 0, 0, 
        0, 0.5, 0, 0, 1, 13, 0, 3, 0, 12, 0, 0, 0, 
        0, 0, 0, 0, 0, 5, 0, 1.5, 0, 8, 0, 2, 0, 
        0, 0, 0, 0, 0, 5, 0, 1.5, 0, 6, 0, 1, 0, 
        1, 0, 0, 0, 0, 3, 0, 0, 0, 3, 0, 0, 0, 
        1, 0, 0, 0, 0, 3, 0, 0, 0, 3, 0, 0, 0, 
        2, 0, 0, 0, 0, 4, 0, 0, 0, 9, 0, 2, 0, 
        4, 0, 1, 0, 0, 0, 0, 0, 0, 7, 0, 0, 0, 
        2, 0, 2, 0, 0, 15, 0, 0, 0, 12.5, 0, 0, 0, 
        2, 0, 3, 0, 0, 12, 0, 0, 0, 12, 0, 0, 0, 
        2, 0, 4, 0, 0, 22, 0, 0, 0, 18, 0, 0, 0, 
        2, 0, 4, 0, 0, 26, 0, 0, 0, 20, 0, 0, 0, 
        2, 0, 4, 0, 0, 38, 0, 0, 0, 26, 0, 0, 0, 
        2, 0, 1, 0, 0, 20, 0, 0, 0, 14, 0, 0, 0, 
        2, 0, 4, 0, 0, 21, 0, 0, 0, 20.5, 1, 0, 0, 
        2, 0, 4, 0, 0, 24, 0, 0, 0, 22, 1, 0, 0, 
        2, 0, 4, 0, 0, 28, 0, 0, 0, 24, 1, 0, 0, 
        2, 0, 4, 0, 0, 32, 0, 0, 0, 26, 1, 0, 0, 
        2, 0, 4, 0, 0, 18, 0, 0, 0, 19, 1, 0, 0, 
        2, 0, 1, 0, 0, 12, 0, 0, 0, 18, 0, 4, 0, 
        2, 0, 1, 0, 0, 9, 0, 0, 0, 12.5, 0, 2, 0, 
        2, 0, 2, 0, 0, 11, 0, 0, 0, 12.5, 0, 1, 0, 
        2, 1, 4, 0, 0, 18, 0, 0, 0, 18, 0, 0, 0, 
        2, 0.5, 4, 0, 0, 21, 0, 0, 0, 18.5, 0, 0, 0, 
        2, 0.5, 4, 0, 0, 24, 0, 0, 0, 20, 0, 0, 0, 
        2, 0.5, 4, 0, 0, 18, 0, 0, 0, 17, 0, 0, 0, 
        2, 1, 4, 0, 0, 22, 0, 0, 0, 20, 0, 0, 0, 
        2, 0, 4, 2, 0, 20, 0, 0, 0, 16, 0, 0, 0, 
        2, 0, 4, 1, 0, 24, 0, 0, 0, 20, 0.5, 0, 0, 
        2, 0, 6, 0, 0, 26, 0, 0, 0, 31, 3, 0, 0, 
        2, 0, 6, 0, 0, 18, 0, 0, 0, 27, 3, 0, 0, 
        0, 1, 1, 0, 0, 0, 0, 0, 0, 3, 0, 0, 0, 
        0, 1, 1, 0, 0, 0, 0, 0, 0, 3, 0, 0, 0, 
        0, 0, 3, 0, 2, 12, 0, 0, 0, 12, 0, 0, 0, 
        0, 0, 4, 0, 2, 26, 0, 0, 0, 20, 0, 0, 0, 
        0, 0, 3, 0, 2, 8.64, 0, 0, 0, 12, 0, 0.84, 0, 
        0, 0, 3, 0, 2, 6.64, 0, 0, 0, 12, 0, 1.34, 0, 
        0, 0.5, 4, 0, 2, 20, 0, 0, 0, 18, 0, 0, 0, 
        0, 1, 4, 0, 2, 24, 0, 0, 0, 21, 0, 0, 0, 
        0, 2, 1, 0, 0, 0, 0, 1, 0, 6, 0, 0, 0, 
        0, 2, 1, 0, 0, 0, 0, 1, 0, 6, 0, 0, 0, 
        0, 0, 1, 0, 0, 2, 0, 0, 0, 2, 0, 0, 0, 
        0, 0, 1, 0, 0, 0, 0, 0, 0, 4, 1, 0, 0, 
        0, 0, 1, 0, 0, 4, 0, 0, 0, 6, 1, 0, 0, 
        0, 0, 1, 0, 0, 1, 0, 0, 0, 4.5, 1, 0, 0, 
        0, 1, 3, 0, 0, 30, 0, 0, 0, 25, 1, 1, 0, 
        0, 1, 0, 0, 1, 0, 0, 0, 0, 3, 0, 0, 0, 
        0, 1, 0, 0, 1, 0, 0, 0, 0, 3, 0, 0, 0, 
        0, 0, 0, 0, 3, 0, 0, 0, 0, 4, 0, 0, 0, 
        0, 0, 0, 0, 1, 3, 0, 0, 0, 3, 0, 0, 0, 
        0, 0, 0, 0, 1, 1, 0, 0, 0, 2, 0, 0, 0, 
        0, 0, 0, 0, 1, 14, 0, 0, 0, 11, 1, 0, 0, 
        0, 0, 0, 0, 0, 0, 2, 0, 0, 4, 1, 0, 0, 
        0, 0, 1, 0, 0, 2, 2, 0, 0, 9, 2, 0, 0, 
        2, 0, 0, 0, 0, 20, 0, 4, 0, 17, 0, 0, 0, 
        0, 1, 0, 0, 0, 0, 0, 1, 0, 3, 0, 0, 0, 
        0, 0, 0, 0, 0, 2, 0, 1, 0, 2, 0, 0, 0, 
        0, 0, 0, 0, 0, 0, 0, 0, 2, 4, 1, 0, 0, 
        2, 0, 0, 0, 0, 4, 0, 0, 2, 12, 0, 3, 0, 
        2, 0, 0, 0, 0, 12.4, 0, 0, 2, 15.2, 0, 2.5, 0, 
        2, 0, 0, 0, 0, 16, 0, 0, 2, 20, 0, 4, 0, 
        0, 0, 0, 0, 0, 0, 0, 0, 0, 2, 0, 1, 0
    ],
    "Ttol": 1,
    "TKval": [
        293.15
    ],
    "Psat": [
        2338.58710466343
    ],
    "Ptol": 50000,
    "Pval": [
        100000
    ],
    "denW": [
        998.231944232903, 
        -0.208636666781133, 
        -0.0105885136045404, 
        0.0457644089362989, 
        0
    ],
    "denWg": [
        0.785249487098556, 
        -0, 
        0, 
        0, 
        0
    ],
    "epsW": [
        80.036847930809, 
        -0.361616869294486, 
        0.00128681479253165, 
        0.00417139322656833, 
        0
    ],
    "epsWg": [
        0, 
        0, 
        0, 
        0, 
        0
    ],
    "V0": [
        -6.07420432448261e-06, 
        3.07695100194726e-05, 
        -4.48026847019477e-05, 
        1.93122964428309e-07, 
        8.96571017013788e-06, 
        1.27604682873852e-05, 
        -2.79504807112957e-06, 
        3.06507883341229e-07, 
        -3.46545813411121e-05, 
        -1.56559168949101e-05, 
        1.30877657094574e-05, 
        4.5223995082805e-06, 
        -1.85692978822877e-05, 
        5.58826913930551e-06, 
        -6.80203491444918e-06, 
        -1.51788843076794e-07, 
        -1.72226007456326e-05, 
        7.99263959356309e-06, 
        1.8523390450681e-05, 
        1.51817251693292e-06, 
        -2.25482912850641e-05, 
        7.19619990644419e-07, 
        -1.66908906011109e-05, 
        2.21601161563518e-06, 
        -2.72399646317882e-06, 
        3.01434375796987e-05, 
        -3.75388006813723e-05, 
        4.60517396982096e-07, 
        6.6963714922565e-07, 
        -2.27549330607999e-05, 
        1.00757480737106e-05, 
        3.54978832600774e-05, 
        -4.1784715328945e-05, 
        3.50179632551748e-07, 
        7.00945004533433e-06, 
        -2.52253027607291e-05, 
        1.17791901627768e-07, 
        2.7124097504942e-05, 
        8.79060092104223e-06, 
        1.46988352260551e-05, 
        -1.67736930425682e-05, 
        9.14211491455667e-06, 
        -2.19716119812168e-05, 
        1.51251595676382e-06, 
        1.65670080565917e-06, 
        -1.08715687594194e-05, 
        2.08966288406209e-08, 
        -5.06177396808023e-07, 
        3.19060580566345e-05, 
        1.83789840313567e-05, 
        -1.52173869300754e-06, 
        3.34085401003612e-06, 
        4.39219162398518e-06, 
        -4.23756441124112e-08, 
        1.606330037117e-05, 
        -2.11913983348921e-08, 
        3.23910183561199e-05, 
        -6.05059288362972e-06, 
        2.38351477915834e-05, 
        3.69354201793923e-05, 
        4.29941657543065e-05, 
        1.71690356746582e-05, 
        2.49071307084147e-05, 
        3.00943000268534e-05, 
        2.68106034596522e-05, 
        3.25716445483799e-05, 
        -4.12695392799171e-06, 
        3.44414948363085e-05, 
        1.23197246282862e-05, 
        3.46808167398723e-05, 
        1.99171295374765e-05, 
        -2.923712521658e-07, 
        -5.02484172403316e-06, 
        0, 
        1.80472092230793e-05, 
        0.024373986065, 
        0.024373986065, 
        0.024373986065, 
        0.024373986065, 
        0.024373986065, 
        0.024373986065, 
        0.000145509996414185, 
        0.000148522996902466, 
        8.10000038146973e-05, 
        7.59999990463257e-05, 
        4.80000019073486e-05, 
        5.5e-05, 
        1.24000000953674e-05, 
        1.04999995231628e-05, 
        0.000216110000610352, 
        0.000215499992370605, 
        0.000707030029296875, 
        0.000707799987792969, 
        0.0002744700050354, 
        0.000310100002288818, 
        0.0002744700050354, 
        0.000310100002288818, 
        0.000216800003051758, 
        0.00023567699432373, 
        0.000216800003051758, 
        0.00023567699432373, 
        0.00011496000289917, 
        0.000119040002822876, 
        9.3975963730064e-05, 
        7.34109677259594e-05, 
        3.1956000328064e-05, 
        3.1956000328064e-05, 
        9.95199966430664e-05, 
        0, 
        0.000179710006713867, 
        0.000149701995849609, 
        0.000257346000671387, 
        0.0002744700050354, 
        0.000368699989318848, 
        0.000193985004425049, 
        0.000281599998474121, 
        0.000310100002288818, 
        0.000331599998474121, 
        0.000350499992370605, 
        0.000274599990844727, 
        0.000249898581188493, 
        0.000151621164303642, 
        0.000212800006866455, 
        0.000233560009002686, 
        0.000261263999938965, 
        0.000284514999389648, 
        0.000249260005950928, 
        0.0002619580078125, 
        0.000272299995422363, 
        0.000288600006103516, 
        0.00041060001373291, 
        0.000360999984741211, 
        3.41500020027161e-05, 
        3.69339990615845e-05, 
        0.000155286998748779, 
        0.000285939998626709, 
        0.000148522996902466, 
        0.000148522996902466, 
        0.000273393001556396, 
        0.000291665992736816, 
        6.43900012969971e-05, 
        6.43399953842163e-05, 
        3.30599999427795e-05, 
        4.5939998626709e-05, 
        7.4689998626709e-05, 
        6.1729998588562e-05, 
        0.00033, 
        -2.83573444433212e-07, 
        2.93779993057251e-05, 
        4.45240020751953e-05, 
        1.87927161815771e-07, 
        3.43055009841919e-05, 
        0.000146499996185303, 
        6.55000019073486e-05, 
        0.00012753999710083, 
        0.000220200004577637, 
        2.80200004577637e-05, 
        2.46299982070923e-05, 
        5.33300018310547e-05, 
        0.000167527260148817, 
        0.000211837892186798, 
        0.000281129816377262, 
        2.90000009536743e-05
    ],
    "G0": [
        -1251282.0741004, 
        -2006969.9025943, 
        -485327.92508071, 
        -660979.40426985, 
        -827627.88617629, 
        -864163.34052708, 
        -693522.02590199, 
        -1540661.1072596, 
        -1769526.0021647, 
        -1099118.3139803, 
        -1145716.2849371, 
        -1310268.8431621, 
        -553071.07598961, 
        -716884.04332035, 
        -1574285.5082621, 
        -1518200.9230439, 
        -644773.90251953, 
        -689914.25782851, 
        -853438.45984265, 
        -848885.87950839, 
        -92031.829676393, 
        -223807.12556417, 
        -274672.86209072, 
        -788411.0587066, 
        -785322.08326722, 
        -1537242.7982443, 
        -18568.648351461, 
        -493220.62306333, 
        -966518.79855988, 
        -157817.71001891, 
        -292584.20224435, 
        -418176.09709593, 
        -222227.51139316, 
        -368026.08748677, 
        -419380.08652459, 
        -242397.87065263, 
        -1087497.7358908, 
        -1031038.8068963, 
        -281957.10416274, 
        -436561.45498477, 
        -999472.03083506, 
        -1047095.6577004, 
        -454674.34689122, 
        -626273.08252909, 
        -1212222.4452351, 
        -1477649.2571063, 
        -1425537.4112993, 
        -797331.29499282, 
        -846628.94726467, 
        -1009825.8801665, 
        -261590.50971359, 
        -417899.52430988, 
        -1014489.608102, 
        -3599209.7175889, 
        -833206.17622328, 
        -938872.85371203, 
        -385437.55550683, 
        -528219.50033739, 
        -586446.20025336, 
        -33926.767559536, 
        -7624.2135198171, 
        -131001.06345807, 
        18010.56919816, 
        16980.736132667, 
        -519643.97312623, 
        -528398.99017508, 
        -488020.30398765, 
        -755178.32593928, 
        -744353.32967342, 
        -27310.039095241, 
        12314.062160388, 
        118948.09930486, 
        -157317.62753341, 
        0, 
        -236793.46920933, 
        -393325.86095096, 
        -49729.187671456, 
        652.19995506988, 
        1024.4498955758, 
        -32724.490233186, 
        -227748.44259313, 
        -4922912.3724094, 
        -4475715.7224833, 
        -2168700.8152403, 
        -2273282.2653867, 
        -1570289.0367478, 
        -1668116.4700686, 
        -440800, 
        -431200, 
        -5702442.2459056, 
        -5461550.5675407, 
        -15196527.708811, 
        -14719263.193671, 
        -7321577.9732201, 
        -7774438.4382717, 
        -7321577.9732201, 
        -7774438.4382717, 
        -4852143.1163755, 
        -5065513.8745504, 
        -4852143.1163755, 
        -5065513.8745504, 
        -4337814.3120541, 
        -3880509.4275051, 
        -3218804.974593, 
        -2356246.3783697, 
        -1142858.6007654, 
        -1147703.3107691, 
        -3776708.7974881, 
        -3794425.2726857, 
        -4693311.0403916, 
        -5006065.1241503, 
        -6837602.9192636, 
        -7321577.9732201, 
        -8744393.9009916, 
        -4619937.1974743, 
        -7411332.2328058, 
        -7774438.4382717, 
        -8248109.2968355, 
        -8721921.7148817, 
        -7044114.4073333, 
        -7108618.6234789, 
        -5053707.8524636, 
        -5092947.067424, 
        -6837094.8070786, 
        -6967006.5053038, 
        -7332447.7689416, 
        -6594336.8819541, 
        -7334211.7630711, 
        -6807280.1908367, 
        -7529336.9878914, 
        -10530851.665114, 
        -9537257.3279507, 
        -1127907.3810387, 
        -1128716.0583066, 
        -4118489.1139745, 
        -6435538.5261554, 
        -4475715.7224833, 
        -4676999.4948707, 
        -5946553.7983136, 
        -6667899.1826248, 
        -2156322.1669657, 
        -2159519.6970255, 
        -896599.67995372, 
        -1321592.7343314, 
        -1796801.8276651, 
        -1435674.2322335, 
        -7560074.6686091, 
        -678913.13069535, 
        -681125.36120723, 
        -1016689.7355602, 
        -700887.46725723, 
        -479139.16321716, 
        -2506808.999939, 
        -1318727.4649182, 
        -2883295.2259274, 
        -6391842.6605438, 
        -1028949.7384887, 
        -831914.56040029, 
        -1269054.7414621, 
        -5323831.8677103, 
        -5844439.4852165, 
        -7548542.6576764, 
        -848698.17622328
    ],
    "H0": [
        -1421608.2257601, 
        -2337006.74195414, 
        -529961.876401209, 
        -712986.169247221, 
        -925309.028417745, 
        -946035.7912654, 
        -767551.763774357, 
        -1633182.95189281, 
        -2027618.17050279, 
        -1201269.09219897, 
        -1233137.88161253, 
        -1447880.4808344, 
        -542906.902402257, 
        -751670.546418194, 
        -1687179.03310725, 
        -1668447.7755532, 
        -762863.411603122, 
        -795283.213887439, 
        -992189.256669837, 
        -993321.921955856, 
        -92059.5257066466, 
        -258487.669198824, 
        -325967.792776621, 
        -984105.489040232, 
        -941658.811055904, 
        -1853282.86028278, 
        -49177.7208529251, 
        -614283.232412755, 
        -1232526.74397258, 
        -212733.499630765, 
        -387288.004318276, 
        -566274.653082522, 
        -254039.855655784, 
        -442593.922774417, 
        -479324.811620431, 
        -292606.051167846, 
        -1193398.79634453, 
        -1158523.84848104, 
        -252175.216533975, 
        -473697.335769153, 
        -1131505.07125155, 
        -1155267.91018414, 
        -465802.390277359, 
        -690675.219023029, 
        -1368295.20149235, 
        -1614717.03406019, 
        -1565086.27008601, 
        -938286.501740039, 
        -930523.537889364, 
        -1146498.5585257, 
        -240461.064064708, 
        -470055.94800031, 
        -1144221.0754916, 
        -3917519.8028048, 
        -888076.984455197, 
        -1099283.87980865, 
        -415082.109694056, 
        -673810.283937669, 
        -689821.002303133, 
        -89226.2914206163, 
        -129186.131943107, 
        -166480.780854071, 
        -4868.75129585838, 
        -13434.743755832, 
        -648616.470607452, 
        -627663.966437195, 
        -635428.267224706, 
        -889340.727781575, 
        -908309.717361838, 
        -39936.2258568723, 
        -15727.7746456189, 
        -15727.7746456189, 
        -229294.591383545, 
        0, 
        -286206.895353452, 
        -393693.805899951, 
        -74987.9442498119, 
        -144.095727926869, 
        -146.397917173208, 
        -20801.9823360027, 
        -242600.909193341, 
        -5337287.34241481, 
        -4825074.66921455, 
        -2401867.89201258, 
        -2507295.32020425, 
        -1743247.96609966, 
        -1842204.64885891, 
        -487508.730345364, 
        -478058.238030739, 
        -6363001.97668481, 
        -6069539.45991366, 
        -17545869.4366671, 
        -16960650.1136115, 
        -8268041.31037357, 
        -8763342.28142787, 
        -8268041.31037357, 
        -8763342.28142787, 
        -5600921.4106942, 
        -5848627.88017582, 
        -5600921.4106942, 
        -5848627.88017582, 
        -4878452.99987793, 
        -4417696.35009766, 
        -3505956.85483052, 
        -2592433.09437532, 
        -1281396.99331792, 
        -1265745.19331792, 
        -4099625.86487922, 
        -4005329.4900115, 
        -5280195.02631875, 
        -5539462.13510588, 
        -7661835.23240607, 
        -8268041.31037357, 
        -10024767.5621168, 
        -5291447.42292671, 
        -8316311.4770788, 
        -8763342.28142787, 
        -9326887.33269784, 
        -9936054.06942105, 
        -7849566.06643249, 
        -7777164.42417345, 
        -5427015.54424112, 
        -5605891.42641966, 
        -7622540.60760063, 
        -7817442.95591407, 
        -8274514.04526368, 
        -7353594.93722269, 
        -8254392.09639567, 
        -7608134.00605215, 
        -8476640.24156256, 
        -11537335.9447604, 
        -10649949.7236146, 
        -1207724.51040064, 
        -1207811.59277546, 
        -4519962.93164198, 
        -7439575.0260795, 
        -4825074.66921455, 
        -4995965.9405776, 
        -6585214.31528712, 
        -7489346.77249068, 
        -2317295.27465492, 
        -2323865.27465492, 
        -985110.84165878, 
        -1435098.00355502, 
        -2024287.97847245, 
        -1575895.46973877, 
        -8705347.26393297, 
        -767579.528009779, 
        -752339.05753516, 
        -1121451.84668056, 
        -907798.406913282, 
        -509652.328593109, 
        -3013691, 
        -1438347.1121819, 
        -3173393.10318503, 
        -7199457.56383411, 
        -1113267.68190055, 
        -923655.727867156, 
        -1388125.02399401, 
        -5729284.61903282, 
        -6449135.81229217, 
        -8330009.34061759, 
        -903568.814455197
    ],
    "S0": [
        -168.789333566983, 
        -130.786847552, 
        -322.836832193376, 
        -110.752880049966, 
        -29.3227203898011, 
        24.6046299997451, 
        -185.879281671572, 
        -21.1776314087201, 
        -111.517698289844, 
        12.6551962909628, 
        62.898710548746, 
        22.7789880620962, 
        -55.9356348572378, 
        27.9600082662155, 
        -10.6981578710889, 
        -138.130612757281, 
        -56.2699157570184, 
        -12.8759011059217, 
        4.33913154912774, 
        -15.0547453821513, 
        -105.257940580329, 
        -43.5680544648452, 
        -42.9081587289749, 
        -256.364577695062, 
        -122.104601188245, 
        -84.0786923915205, 
        -276.031316461796, 
        -281.735216386522, 
        -473.32279093283, 
        -179.052248816167, 
        -134.878144766261, 
        -137.452913965848, 
        -42.9034500594646, 
        48.4811058480873, 
        98.3656119692141, 
        -105.655037468638, 
        -67.8535915072176, 
        147.259236374586, 
        100.921158321716, 
        109.883818232713, 
        -98.3532760380582, 
        -16.9593426482994, 
        -137.643568283453, 
        -82.1375211164566, 
        -49.2677908975446, 
        -102.232679546356, 
        -110.712806132226, 
        -43.384730195, 
        151.261707945239, 
        102.311356206438, 
        57.7966539900057, 
        45.0363079657933, 
        22.4725247592657, 
        299.714281359828, 
        40.591120044801, 
        -82.194977900043, 
        113.361963180587, 
        -44.922345604818, 
        99.0894381980173, 
        83.0175849236712, 
        182.480687435084, 
        58.8669091233123, 
        54.8612037620452, 
        104.899813225828, 
        71.1337177808382, 
        139.870973932787, 
        -24.3567472928561, 
        125.155671693118, 
        23.5209969220947, 
        122.437660711236, 
        69.8539802077105, 
        -293.898491716118, 
        -8.29425307837222, 
        0, 
        68.6749005903122, 
        213.114916216257, 
        185.661118939878, 
        130.195600773172, 
        204.641810581295, 
        205.212670630885, 
        186.570427766633, 
        611.958111744334, 
        832.704852535259, 
        169.462812230282, 
        138.983934563391, 
        118.977341593663, 
        87.5052208529555, 
        48.4000015258789, 
        41.2000007629395, 
        536.025979325967, 
        478.12898804046, 
        1863.26003623779, 
        1757.06332273812, 
        812.349760339285, 
        775.643343719786, 
        812.349760339285, 
        775.643343719786, 
        607.392238020804, 
        621.086358975141, 
        607.392238020804, 
        621.086358975141, 
        402.790750907328, 
        413.694138901642, 
        275.412044156337, 
        221.497895547083, 
        68.5159678181134, 
        138.433967085692, 
        199.03170881024, 
        174.469922762927, 
        440.96899920148, 
        414.201815443258, 
        754.852320827636, 
        812.349760339285, 
        1096.67082416432, 
        598.74052437353, 
        706.08865815669, 
        775.643343719786, 
        943.517944404962, 
        956.248755598505, 
        689.757993058937, 
        571.093596054345, 
        766.828574367778, 
        446.373042349601, 
        627.181999704417, 
        654.087858478648, 
        697.358891140798, 
        609.276534350573, 
        642.026808885249, 
        717.017004211344, 
        804.336845740654, 
        1936.72762006832, 
        625.518414252155, 
        88.8388172606988, 
        91.3003415245364, 
        862.146444992828, 
        613.879804655668, 
        832.704852535259, 
        813.036975607022, 
        1255.81416973183, 
        1213.97872533271, 
        164.04122417455, 
        152.535212211659, 
        81.9257861179403, 
        105.01091924526, 
        190.66457479976, 
        132.201187620646, 
        879.021074839545, 
        44.0996223511017, 
        103.634795354158, 
        143.172407962734, 
        -165.730949407656, 
        198.749382850083, 
        409.200012207031, 
        173.411204353024, 
        321.252949214167, 
        538.021935600555, 
        64.4149166973255, 
        61.8386443698207, 
        148.500628647068, 
        353.901213903897, 
        556.740594321387, 
        722.412225220224, 
        40.591120044801
    ],
    "Cp0": [
        -221.391455907046, 
        -289.847267703646, 
        -139.09604782639, 
        -137.318750861962, 
        -56.10821544492, 
        -227.131791657725, 
        55.8298944742305, 
        -235.910590793457, 
        63.107494118623, 
        -136.152597685087, 
        245.054591048923, 
        -115.613963983069, 
        -34.1054060936708, 
        2.40892765226632, 
        142.86866851771, 
        85.1103034698722, 
        -135.260050970769, 
        242.658338130718, 
        356.51699415325, 
        -112.425243913031, 
        -38.4574114892969, 
        88.1987804418959, 
        63.2219754223938, 
        451.069382082047, 
        -159.506660423878, 
        -228.049207441477, 
        -85.4702140759965, 
        -20.2223463692194, 
        45.0255213375577, 
        11.9684904399323, 
        316.611661346285, 
        388.391722656332, 
        -218.194877258177, 
        -254.303005461723, 
        -336.848425087499, 
        -39.7952478148276, 
        -182.284757043064, 
        -52.0458469236109, 
        5.99836936945216, 
        -94.8023180805058, 
        -128.305187835013, 
        267.185961891241, 
        -29.3546572166244, 
        133.778590407807, 
        -100.382909266512, 
        165.151937378906, 
        89.8610523469186, 
        -58.4877611190325, 
        209.425881123868, 
        -35.9802308825823, 
        34.1413841054639, 
        -18.4024643266762, 
        -96.8145429670676, 
        326.144756471398, 
        43.8566686721562, 
        119.215709563543, 
        255.003663911001, 
        -311.98600087553, 
        -41.0546579084637, 
        291.392823894006, 
        -32.7221636175747, 
        -129.957130878968, 
        173.714031512826, 
        245.403857456368, 
        -257.832015817483, 
        -9.66101441361448, 
        -303.108005528035, 
        20.2537403916626, 
        -289.88287573665, 
        185.561487283486, 
        -102.150059380785, 
        -102.150059380785, 
        -150.03075321318, 
        0, 
        75.3590408913868, 
        36.7710195214238, 
        35.4316292520096, 
        28.8207833797791, 
        29.2364641199654, 
        34.0679474892043, 
        40.2917333513394, 
        419.124767956348, 
        428.791537945859, 
        232.800003051758, 
        207.899993896484, 
        166.899993896484, 
        141.600006103516, 
        40.5999984741211, 
        37.9000015258789, 
        598.105398466852, 
        553.174532590155, 
        2170.41533770859, 
        2083.44344571829, 
        1126.3556999445, 
        935.432560861111, 
        1126.3556999445, 
        935.432560861111, 
        705.071978923095, 
        723.471439194679, 
        705.071978923095, 
        723.471439194679, 
        512.599975585938, 
        521.27001953125, 
        263.995129841536, 
        196.772494372505, 
        92.1216885894537, 
        92.1216885894537, 
        235.510472734478, 
        196.5793420184, 
        532.1127740251, 
        441.11964057061, 
        1044.06275606603, 
        1126.3556999445, 
        1376.41630151689, 
        663.770065156224, 
        876.291040539742, 
        935.432560861111, 
        1021.59903965592, 
        1106.7988843441, 
        817.145286500454, 
        597.400081893767, 
        734.770184860324, 
        494.071859010589, 
        791.016645157337, 
        831.5001827335, 
        899.82168694703, 
        772.400444645249, 
        875.459177219284, 
        824.537255798932, 
        923.28226017165, 
        1405.4814519763, 
        1244.44972288609, 
        80.5222644613461, 
        80.7575253254489, 
        461.855082265284, 
        950.388109923799, 
        428.791537945859, 
        409.126231490374, 
        836.40541494954, 
        944.318975174043, 
        155.575077257926, 
        155.575077257926, 
        86.8279995730877, 
        99.1538549970835, 
        184.600694517791, 
        124.099998474121, 
        1068.13277239344, 
        40.4879306022394, 
        81.531179048866, 
        150.665163629502, 
        140.606908598164, 
        73.5555124850903, 
        0, 
        128.825739626017, 
        270.703012214404, 
        639.047831284733, 
        74.8175561067263, 
        76.2047326996738, 
        64.9483148009516, 
        335.314424204803, 
        562.407062100831, 
        714.044339995299, 
        43.8566686721562
    ]
  }
}
]